model,AIC,delta_AIC
Clinical,2259.2168383388107,0
MAL PRS + scanner,2286.6188478270597,27.4
Clinical + MAL PRS,2245.6790518842954,-13.5
